,0,1
ABCMeta,562,
And,213,
ArgSpec,1224,
BufferedWriter,,12
Condition,,4
ConversionOptions,,10
DeviceSpecV1,,3
Dimension,,22
DistInfoDistribution,325,
Enum,216,
ExtensionFileLoader,192,
FileFinder,463,
FileIO,,12
FontEntry,335,
FuncGraph,,3
GeneratedProtocolMessageType,505,
Graph,,1
GroupLock,,4
IncrementalEncoder,,12
LineLocation,,204
Location,,111
LogicalDevice,,4
MiniProduction,310,
ModuleSpec,3451,12
MovedAttribute,496,
MovedModule,284,
NamedType,251,
NamedTypes,410,
ObjectIdentitySet,,4
ObjectIdentityWeakSet,,3
Operation,,26
OrderedDict,155,10
OriginInfo,,111
Parameter,452,
PathMetadata,332,
PhysicalDevice,,4
PointerType,334,
Random,,1
ScopedTFFunction,,3
ScopedTFGraph,,4
SourceFileLoader,3206,12
TFDecorator,1729,
TFModuleWrapper,344,
TF_Output,,28
Tag,160,
TagMap,803,
TagSet,199,
Tensor,,28
TensorShape,,13
TensorSpec,,3
TextIOWrapper,,12
TraceableStack,,14
_ConvertedEntityFactoryInfo,,12
_EagerDefinedFunction,,3
_EagerDefinedFunctionDeleter,,3
_InputList,,26
_OpInfo,1224,
_RandomNameSequence,,1
_TemporaryFileCloser,,12
_TemporaryFileWrapper,,12
_VariableScopeStore,,1
__pyx_scope_struct__with_phil,344,
_local,,4
builtin_function_or_method,3889,899
cell,14478,24
classmethod,1168,
cython_function_or_method,608,
deque,,4
dict,34716,255
frozenset,1543,1
function,63331,36
fused_cython_function,571,
getset_descriptor,6505,
list,16026,226
member_descriptor,944,
method,1174,
method_descriptor,3152,
module,3448,13
objgraph,end,end
property,4967,
set,2682,42
slice,228,
staticmethod,1099,
tuple,31286,836
type,6925,
vectorize,454,
weakref,9878,929
wrapper_descriptor,3350,
