,0,1,2,3,4,5
ABCMeta,562,,,,,
And,213,,,,,
ArgSpec,1224,,,,,
BufferedWriter,,12,,,,
CodecInfo,,2,,,,
Condition,,10,,,,
ConversionOptions,,10,,,,
DeviceSpecV1,,4,,,,
DistInfoDistribution,325,,,,,
Enum,216,,,,,
Event,,4,,,,
EventFileWriter,,2,,,,
EventsWriter,,2,,,,
ExtensionFileLoader,192,,,,,
FileFinder,463,,,,,
FileIO,,12,,,,
FileWriter,,2,,,,
FontEntry,335,,,,,
FunctionCallOptions,,1,,,,
GeneratedProtocolMessageType,505,,,,,
IncrementalEncoder,,12,,,,
LineLocation,,203,,,,
Location,,110,,,,
MergeDevice,,4,,,,
MessageMeta,,3,,,,
MiniProduction,310,,,,,
ModuleSpec,3451,15,,,,
MovedAttribute,496,,,,,
MovedModule,284,,,,,
NamedType,251,,,,,
NamedTypes,410,,,,,
OrderedDict,155,,,,,
OriginInfo,,110,,,,
Parameter,452,,,,,
PathMetadata,332,,,,,
PhysicalDevice,,4,,,,
PointerType,334,,,,,
Queue,,2,,,,
Random,,1,,,,
ReplicaContext,,1,,,,
SourceFileLoader,3206,15,,,,
TFDecorator,1729,,,,,
TFModuleWrapper,344,,,,,
TMonitor,,1,,,,
Tag,160,,,,,
TagMap,803,,,,,
TagSet,199,,,,,
TextIOWrapper,,12,,,,
_ConvertedEntityFactoryInfo,,12,,,,
_DefaultDistributionStrategy,,1,,,,
_DefaultReplicaThreadMode,,1,,,,
_EventLoggerThread,,2,,,,
_InReplicaThreadMode,,1,,,,
_OpInfo,1224,,,,,
_RandomNameSequence,,1,,,,
_TemporaryFileCloser,,12,,,,
_TemporaryFileWrapper,,12,,,,
__pyx_scope_struct__with_phil,344,,,,,
builtin_function_or_method,3901,1740,,,,
cell,14478,29,,,,
classmethod,1168,,,,,
cython_function_or_method,608,,,,,
deque,,12,,,,
dict,34719,170,,,,
frame,,1,,,,
frozenset,1543,1,,,,
function,63331,71,,,,
fused_cython_function,571,,,,,
generator,,1,,,,
getset_descriptor,6505,,,,,
list,16026,39,,,,
member_descriptor,944,,,,,
method,1174,8,,,,
method_descriptor,3152,,,,,
module,3448,16,,,,
objgraph,end,end,end,end,end,end
property,4967,2,,,,
set,2688,27,,,,
slice,228,,,,,
staticmethod,1099,,,,,
tqdm,,1,,,,
tuple,31287,97,,,,
type,6925,13,,,,
vectorize,454,,,,,
weakref,9896,1777,,,,
wrapper_descriptor,3350,,,,,
